form	lemma	POS	morph
།		PUNCT
ལམ་	གམ་	PART
ཟབ་	ཟབ་	VERB
བླ་མ་	བླ་མ་	NOUN
འི་	གི་	PART
རྣལ་འབྱོར་	རྣལ་འབྱོར་	NOUN
བྱིན་རླབས་	བྱིན་རླབས་	NOUN
ཀྱི་	གི་	PART
གཏེར་མཛོད་	གཏེར་མཛོད་	NOUN
ཅེས་བྱ་བ་	ཅེས་བྱ་བ་	NO_POS
བཞུགས་	བཞུགས་	VERB
སོ་	གོ་	PART
།		PUNCT
མ་	མ་	PART
ནམ་མཁའ་	ནམ་མཁའ་	NOUN
དང་	དང་	NO_POS
མཉམ་པ་	མཉམ་པ་	VERB
འི་	གི་	PART
སེམས་ཅན་	སེམས་ཅན་	NOUN
ཐམས་ཅད་	ཐམས་ཅད་	DET
ཟུང་འཇུག་	ཟུང་འཇུག་	NOUN
རྡོ་རྗེ་	རྡོ་རྗེ་	NOUN
འཆང་	འཆང་	NO_POS
གི་	གི་	PART
འཕང་	འཕང་	VERB
ཐོབ་པ་	ཐོབ་པ་	VERB
ར་	ལ་	PART
བྱ་	བྱ་	VERB
།		PUNCT
དེ་	དེ་	DET
འི་	གི་	PART
ཆེད་	ཆེད་	NOUN
དུ་	ལ་	PART
ལམ་	གམ་	PART
ཟབ་མོ་	ཟབ་མོ་	ADJ
བླ་མ་	བླ་མ་	NOUN
འི་	གི་	PART
རྣལ་འབྱོར་	རྣལ་འབྱོར་	NOUN
མཉན་	མཉན་	VERB
ན་	ནས་	PART
ཉམས་	ཉམས་	NOUN
སུ་	ལ་	PART
བླང་	བླང་	NO_POS
སྙམ་པ་	སྙམ་པ་	VERB
ར་	ལ་	PART
མཛོད་	མཛོད་	NOUN
།		PUNCT
དེ་	སྟེ་	PART
ལ་	ལ་	PART
རང་	རང་	PRON
རེ་	རེ་	DET
འི་	གི་	PART
སྟོན་པ་	སྟོན་པ་	NOUN
སངས་རྒྱས་	སངས་རྒྱས་	NOUN
བཅོམ་ལྡན་འདས་	བཅོམ་ལྡན་འདས་	NOUN
ཞེ་	ཅེས་	PART
ས་	ས་	ADP
གསུམ་	གསུམ་	NUM
ན་	ལ་	PART
རྣམ་པ་	རྣམ་པ་	NOUN
ར་	ལ་	PART
དཀར་བ་	དཀར་བ་	VERB
འི་	གི་	PART
བ་དན་	བ་དན་	NOUN
ཆེ་	ཆེ་	VERB
ཆེ་	ཆེ་	VERB
ར་	ལ་	PART
གསལ་བ་	གསལ་བ་	VERB
དེ་	དེ་	DET
ས་	གིས་	PART
མདོ་	མདོ་	NOUN
དང་	དང་	NO_POS
རྒྱུད་སྡེ་	རྒྱུད་སྡེ་	NOUN
རྣམས་	རྣམས་	DET
སུ་	ལ་	PART
ལན་	ལན་	NOUN
གཅིག་	གཅིག་	NUM
མ་ཡིན་པ་	མ་ཡིན་པ་	OTHER
ར་	ལ་	PART
།		PUNCT
འཇིག་རྟེན་	འཇིག་རྟེན་	NOUN
དང་	དང་	NO_POS
འཇིག་རྟེན་	འཇིག་རྟེན་	NOUN
ལ་	ལ་	ADP
ས་	གིས་	PART
འདས་པ་	འདས་པ་	VERB
འི་	གི་	PART
དངོས་གྲུབ་	དངོས་གྲུབ་	NOUN
ཐམས་ཅད་	ཐམས་ཅད་	DET
བླ་མ་	བླ་མ་	NOUN
བསྟེན་	བསྟེན་	VERB
ཚུལ་	ཚུལ་	NOUN
ལེགས་ཉེས་	ལེགས་ཉེས་	OTHER
ཀྱི་	གི་	PART
རྗེས་སུ་	རྗེས་སུ་	OTHER
འབྲང་བ་	འབྲང་བ་	VERB
ར་	ལ་	PART
གསུངས་	གསུངས་	VERB
ཏེ་	སྟེ་	PART
།		PUNCT
དཔལ་	དཔལ་	OTHER
གསང་བ་	གསང་བ་	VERB
འདུས་པ་	འདུས་པ་	VERB
ལ་	ལ་	ADP
ས་	གིས་	PART
།		PUNCT
རིགས་ངན་	རིགས་ངན་	NOUN
སྨིག་མ་	སྨིག་མ་	NO_POS
མཁན་	མཁན་	PROPN
ལ་སོགས་	ལ་སོགས་	NO_POS
། །		PUNCT
གསོད་	གསོད་	NO_POS
དོན་	དོན་	NOUN
དོན་གཉེར་	དོན་གཉེར་	NOUN
སེམས་པ་	སེམས་པ་	VERB
རྣམས་	རྣམས་	DET
། །		PUNCT
ཐེག་ཆེན་	ཐེག་ཆེན་	NOUN
བླ་	བླ་	NOUN
ན་	ལ་	PART
མེད་པ་	མེད་པ་	VERB
ཡི་	གི་	PART
། །		PUNCT
ཐེག་མཆོག་	ཐེག་མཆོག་	OTHER
འདི་	འདི་	DET
ལ་	ལ་	PART
འགྲུབ་པ་	འགྲུབ་པ་	VERB
ར་	ལ་	PART
འགྱུར་	འགྱུར་	VERB
། །		PUNCT
ཞེས་་	ཞེས་པ་	PART
དང་	དང་	NO_POS
།		PUNCT
སམྦྷུ་		NON_WORD
ཊ་	ཊ་	NO_POS
ལ་	ལ་	ADP
ས་	གིས་	PART
།		PUNCT
ནང་	ནང་	NOUN
གི་	གི་	PART
གཡོ་བ་	གཡོ་བ་	VERB
འདི་ཉིད་	འདི་ཉིད་	OTHER
ནི་	ནི་	NO_POS
། །		PUNCT
བླ་མ་	བླ་མ་	NOUN
འི་	གི་	PART
ཞལ་ལ་	ཞལ་ལ་	NO_POS
ས་	གིས་	PART
རྙེད་པ་	རྙེད་པ་	VERB
ར་	ལ་	PART
འགྱུར་	འགྱུར་	VERB
། །		PUNCT
བླ་མ་	བླ་མ་	NOUN
སྨོད་པ་	སྨོད་པ་	VERB
འི་	གི་	PART
སེམས་ཅན་	སེམས་ཅན་	NOUN
ནི་	ནི་	NO_POS
། །		PUNCT
སྔགས་	སྔགས་	NOUN
དང་	དང་	NO_POS
དངོས་གྲུབ་	དངོས་གྲུབ་	NOUN
རྙེད་	རྙེད་	VERB
མི་	མི་	PART
འགྱུར་	འགྱུར་	VERB
། །		PUNCT
ཞེ་	ཅེས་	PART
སོ་	གོ་	PART
། །		PUNCT
འོ་ན་	འོ་ན་	NO_POS
གང་	གང་	NO_POS
གི་	གི་	PART
དངོས་གྲུབ་	དངོས་གྲུབ་	NOUN
འཐོབ་	འཐོབ་	VERB
ཅེ་ན་	ཅེ་ན་	PART
།		PUNCT
བླ་མ་	བླ་མ་	NOUN
རྡོ་རྗེ་	རྡོ་རྗེ་	NOUN
སློབ་དཔོན་	སློབ་དཔོན་	NOUN
ལ་	ལ་	PART
དད་གུས་	དད་གུས་	NOUN
དང་	དང་	NO_POS
གསོལ་བ་	གསོལ་བ་	VERB
བཏབ་	བཏབ་	VERB
ན་	ལ་	PART
།		PUNCT
མཆོག་	མཆོག་	ADJ
ཐུན་མོང་	ཐུན་མོང་	ADJ
གི་	གི་	PART
དངོས་གྲུབ་	དངོས་གྲུབ་	NOUN
འབྱུང་	འབྱུང་	VERB
སྟེ་	སྟེ་	PART
།		PUNCT
ཀྱཻ་		NON_WORD
རྡོ་རྗེ་	རྡོ་རྗེ་	NOUN
ལ་	ལ་	ADP
ས་	གིས་	PART
།		PUNCT
གཞན་	གཞན་	DET
གྱིས་	གིས་	PART
བརྗོད་	བརྗོད་	VERB
མིན་	མིན་	AUX
ལྷན་ཅིག་	ལྷན་ཅིག་	OTHER
སྐྱེ་	སྐྱེ་	VERB
། །		PUNCT
གང་	གང་	NO_POS
དུ་	ལ་	PART
ཡང་	ཀྱང་	PART
ནི་	ནི་	NO_POS
མི་	མི་	PART
རྙེད་	རྙེད་	VERB
དེ་	སྟེ་	PART
། །		PUNCT
བླ་མ་	བླ་མ་	NOUN
འི་	གི་	PART
དུས་མཐའ་	དུས་མཐའ་	NOUN
བསྟེན་པ་	བསྟེན་པ་	VERB
དང་	དང་	NO_POS
། །		PUNCT
བདག་	བདག་	PRON
གི་	གི་	PART
བསོད་ནམས་	བསོད་ནམས་	NOUN
ལ་	ལ་	ADP
ས་	གིས་	PART
ཤེས་བྱ་	ཤེས་བྱ་	VERB
། །		PUNCT
ཞེ་	ཅེས་	PART
སོ་	གོ་	PART
། །		PUNCT
གཞན་	གཞན་	DET
ཡང་	ཀྱང་	PART
འགལ་རྐྱེན་	འགལ་རྐྱེན་	NOUN
སྒྲིབ་པ་	སྒྲིབ་པ་	VERB
འདག་པ་	འདག་པ་	VERB
ཡང་	ཀྱང་	PART
བླ་མ་	བླ་མ་	NOUN
འི་	གི་	PART
མོས་གུས་	མོས་གུས་	NOUN
ཕུལ་བ་	ཕུལ་བ་	VERB
ལ་	ལ་	ADP
ས་	གིས་	PART
འབྱུང་	འབྱུང་	VERB
སྟེ་	སྟེ་	PART
།		PUNCT
དཔལ་	དཔལ་	OTHER
གསང་བ་	གསང་བ་	VERB
འདུས་པ་	འདུས་པ་	VERB
ལ་	ལ་	ADP
ས་	གིས་	PART
།		PUNCT
ཉིན་	ཉིན་	NOUN
བཞིན་	བཞིན་	NOUN
བྲམ་ཟེ་	བྲམ་ཟེ་	NOUN
གསོད་པ་	གསོད་པ་	VERB
དང་	དང་	NO_POS
། །		PUNCT
མཚམས་མེད་	མཚམས་མེད་	NOUN
ལྔ་པོ་	ལྔ་པོ་	NUM
བྱེད་པ་	བྱེད་པ་	VERB
ས་	གིས་	PART
ཀྱང་	ཀྱང་	PART
། །		PUNCT
ཆོ་	ཆོ་	NOUN
འདི་	འདི་	DET
ལ་	ལ་	PART
ནི་	ནི་	NO_POS
ཞུགས་	ཞུགས་	VERB
གྱུར་	གྱུར་	VERB
ཅིང་	ཅིང་	PART
། །		PUNCT
བླ་མ་	བླ་མ་	NOUN
ལ་	ལ་	PART
གུ་	གུ་	VERB
ཡོད་	ཡོད་	VERB
གྱུར་	གྱུར་	VERB
ན་	ལ་	PART
། །		PUNCT
འགྲུབ་	འགྲུབ་	VERB
འགྱུར་	འགྱུར་	VERB
འདི་	འདི་	DET
ལ་	ལ་	PART
ཐེ་ཚོམ་	ཐེ་ཚོམ་	NOUN
མེད་	མེད་	VERB
། །		PUNCT
ཅེས་	ཅེས་	PART
སོ་	གོ་	PART
།		PUNCT
ཡོན་ཏན་	ཡོན་ཏན་	NOUN
ཐམས་ཅད་	ཐམས་ཅད་	DET
ཀྱང་	ཀྱང་	PART
ཟབ་མོ་	ཟབ་མོ་	ADJ
བླ་མ་	བླ་མ་	NOUN
འི་	གི་	PART
མོས་གུས་	མོས་གུས་	NOUN
ལ་	ལ་	ADP
ས་	གིས་	PART
འབྱུང་	འབྱུང་	VERB
སྟེ་	སྟེ་	PART
།		PUNCT
ཨ་	ཨ་	X
ཏི་	ཏི་	NO_POS
བཀོད་པ་	བཀོད་པ་	VERB
འི་	གི་	PART
རྒྱུད་	རྒྱུད་	NOUN
ལ་	ལ་	ADP
ས་	གིས་	PART
ཀྱང་	ཀྱང་	PART
།		PUNCT
གསང་བ་	གསང་བ་	VERB
སྔགས་	སྔགས་	NOUN
ལ་	ལ་	ADP
ས་	གིས་	PART
བྱུང་བ་	བྱུང་བ་	VERB
ཡི་	གི་	PART
། །		PUNCT
དྲིན་	དྲིན་	NOUN
དང་	དང་	NO_POS
ལྡན་པ་	ལྡན་པ་	VERB
འི་	གི་	PART
བླ་མ་	བླ་མ་	NOUN
དེ་	སྟེ་	PART
། །		PUNCT
སྤྱི་བོ་	སྤྱི་བོ་	NOUN
འི་	གི་	PART
གཙུག་	གཙུག་	NOUN
གམ་	གམ་	PART
ལག་པ་	ལག་པ་	NOUN
འི་	གི་	PART
མཐིལ་	མཐིལ་	NOUN
། །		PUNCT
སྙིང་	སྙིང་	NOUN
གི་	གི་	PART
དབུ་	དབུ་	NOUN
སུ་	ལ་	PART
སུ་	སུ་	ADP
ས་	གིས་	PART
བསྒོམ་པ་	བསྒོམ་པ་	VERB
། །		PUNCT
སངས་རྒྱས་	སངས་རྒྱས་	NOUN
སྟོང་	སྟོང་	NUM
གི་	གི་	PART
ཡོན་ཏན་	ཡོན་ཏན་	NOUN
ཡང་	ཀྱང་	PART
། །		PUNCT
གང་ཟག་	གང་ཟག་	NOUN
དེ་	སྟེ་	PART
ཡི་	གིས་	PART
འཛིན་པ་	འཛིན་པ་	VERB
ར་	ལ་	PART
འགྱུར་	འགྱུར་	VERB
། །		PUNCT
ཞེ་	ཅེས་	PART
དང་	དང་	NO_POS
།		PUNCT
དེ་ལྟ་	དེ་ལྟ་	NO_POS
བུ་	བུ་	NOUN
ལ་	ལ་	PART
ཡོན་ཏན་	ཡོན་ཏན་	NOUN
མི་	མི་	PART
འཐོབ་	འཐོབ་	VERB
སྙམ་	སྙམ་	VERB
ཀྱང་	ཀྱང་	PART
འཐོབ་	འཐོབ་	VERB
སྟེ་	སྟེ་	PART
།		PUNCT
དཔལ་	དཔལ་	OTHER
གསང་བ་	གསང་བ་	VERB
འདུས་པ་	འདུས་པ་	VERB
འི་	གི་	PART
རིམ་	རིམ་	NOUN
ལྔ་	ལྔ་	NUM
ལ་	ལ་	ADP
ས་	གིས་	PART
།		PUNCT
རི་དབང་	རི་དབང་	NO_POS
རྩེ་	རྩེ་	NOUN
ན་	ནས་	PART
འགའ་ཞིག་	འགའ་ཞིག་	OTHER
ལྟུང་	ལྟུང་	VERB
གྱུར་	གྱུར་	VERB
ཀྱང་	ཀྱང་	PART
། །		PUNCT
ལྟུང་བ་	ལྟུང་བ་	VERB
ར་	ལ་	PART
མི་	མི་	PART
འགྱུར་	འགྱུར་	VERB
སྙམ་	སྙམ་	VERB
ཡང་	ཀྱང་	PART
ལྟུང་བ་	ལྟུང་བ་	VERB
ར་	ལ་	PART
འགྱུར་	འགྱུར་	VERB
། །		PUNCT
བླ་མ་	བླ་མ་	NOUN
འི་	གི་	PART
དྲིན་	དྲིན་	NOUN
གྱིས་	གིས་	PART
ཕན་པ་	ཕན་པ་	VERB
འི་	གི་	PART
ལུང་	ལུང་	NOUN
ཐོབ་	ཐོབ་	VERB
ན་	ལ་	PART
། །		PUNCT
གྲོལ་བ་	གྲོལ་བ་	VERB
ར་	ལ་	PART
མི་	མི་	PART
འགྱུར་	འགྱུར་	VERB
སྙམ་	སྙམ་	VERB
ཡང་	ཀྱང་	PART
གྲོལ་བ་	གྲོལ་བ་	VERB
ར་	ལ་	PART
འགྱུར་	འགྱུར་	VERB
། །		PUNCT
ཞེ་	ཅེས་	PART
དང་	དང་	NO_POS
།		PUNCT
གཞན་	གཞན་	DET
ཡང་	ཀྱང་	PART
མདོ་	མདོ་	NOUN
ཕལ་པོ་	ཕལ་པོ་	NOUN
ཆེ་	ཆེ་	VERB
ལ་	ལ་	ADP
ས་	གིས་	PART
།		PUNCT
དགེ་བ་	དགེ་བ་	VERB
འི་	གི་	PART
བཤེས་གཉེན་	བཤེས་གཉེན་	NOUN
གྱིས་	གིས་	PART
ཡོངས་སུ་	ཡོངས་སུ་	NO_POS
ཟིན་པ་	ཟིན་པ་	VERB
འི་	གི་	PART
བྱང་ཆུབ་	བྱང་ཆུབ་	NOUN
སེམས་དཔའ་	སེམས་དཔའ་	NOUN
ནི་	ནི་	NO_POS
ངན་སོང་	ངན་སོང་	NOUN
དུ་	ལ་	PART
མི་	མི་	PART
འགྲོ་	འགྲོ་	VERB
སྟེ་	སྟེ་	PART
།		PUNCT
མྱུར་	མྱུར་	VERB
དུ་	ལ་	PART
རྣམ་པ་	རྣམ་པ་	NOUN
ཐམས་ཅད་	ཐམས་ཅད་	DET
མཁྱེན་པ་	མཁྱེན་པ་	VERB
སངས་རྒྱས་	སངས་རྒྱས་	NOUN
ཀྱི་	གི་	PART
གོ་འཕང་	གོ་འཕང་	NOUN
རིན་པོ་ཆེ་	རིན་པོ་ཆེ་	ADJ
ཐོབ་པ་	ཐོབ་པ་	VERB
ར་	ལ་	PART
འགྱུར་	འགྱུར་	VERB
རོ་	རོ་	NOUN
། །		PUNCT
ཞེ་	ཅེས་	PART
དང་	དང་	NO_POS
མདོ་	མདོ་	NOUN
སྡུད་པ་	སྡུད་པ་	VERB
ལ་	ལ་	ADP
ས་	གིས་	PART
།		PUNCT
སློབ་མ་	སློབ་མ་	NOUN
བཟང་པོ་	བཟང་པོ་	ADJ
བླ་མ་	བླ་མ་	NOUN
གུ་	གུ་	VERB
ལྡན་	ལྡན་	VERB
དེ་དག་	དེ་དག་	OTHER
གིས་	གིས་	PART
། །		PUNCT
བླ་མ་	བླ་མ་	NOUN
མཁས་པ་	མཁས་པ་	VERB
དག་	དག་	DET
ལ་	ལ་	PART
རྟག་	རྟག་	VERB
ཏུ་	ལ་	PART
བསྟེན་པ་	བསྟེན་པ་	VERB
ར་	ལ་	PART
བྱ་	བྱ་	VERB
། །		PUNCT
ཅི་ཕྱིར་	ཅི་ཕྱིར་	NO_POS
ཞེ་ན་	ཅེ་ན་	PART
མཁས་པ་	མཁས་པ་	VERB
འི་	གི་	PART
ཡོན་ཏན་	ཡོན་ཏན་	NOUN
དེ་ལས་	དེ་ལས་	NO_POS
འབྱུང་	འབྱུང་	VERB
། །		PUNCT
ཞེ་	ཅེས་	PART
དང་	དང་	NO_POS
།		PUNCT
ཀྱཻ་		NON_WORD
རྡོ་རྗེ་	རྡོ་རྗེ་	NOUN
ལ་	ལ་	ADP
ས་	གིས་	PART
།		PUNCT
བླ་མ་	བླ་མ་	NOUN
ལ་	ལ་	PART
གུ་	གུ་	VERB
སྙིང་བརྩེ་	སྙིང་བརྩེ་	NOUN
ར་	ལ་	PART
ལྡན་	ལྡན་	VERB
། །		PUNCT
སྐྱེ་	སྐྱེ་	NOUN
ཞིང་	ཅིང་	PART
སྐྱེ་བ་	སྐྱེ་བ་	VERB
ར་	ལ་	PART
འགྱུར་བ་	འགྱུར་བ་	VERB
ར་	ལ་	PART
ཤོག་	ཤོག་	VERB
།		PUNCT
ཅེས་	ཅེས་	PART
དྲན་པ་	དྲན་པ་	VERB
ར་	ལ་	PART
བྱ་	བྱ་	VERB
ལ་	ལ་	PART
།		PUNCT
བླ་མ་	བླ་མ་	NOUN
འི་	གི་	PART
རྣལ་འབྱོར་	རྣལ་འབྱོར་	NOUN
བསྒོམ་པ་	བསྒོམ་པ་	VERB
ལ་	ལ་	PART
།		PUNCT
གནས་ཁང་	གནས་ཁང་	NOUN
ཕྱག་དར་	ཕྱག་དར་	NOUN
དང་	དང་	NO_POS
བྱི་དོར་	བྱི་དོར་	NOUN
བྱ་	བྱ་	VERB
།		PUNCT
སྐུ་གསུང་ཐུགས་	སྐུ་གསུང་ཐུགས་	NOUN
ཀྱི་	གི་	PART
རྟེན་	རྟེན་	NOUN
བཀྲམ་	བཀྲམ་	VERB
།		PUNCT
མཆོད་པ་	མཆོད་པ་	VERB
གཡོ་མེད་པ་	གཡོ་མེད་པ་	ADJ
ར་	ལ་	PART
བཤམ་	བཤམ་	NO_POS
།		PUNCT
རང་	རང་	PRON
སྟན་	སྟན་	NOUN
བདེ་བ་	བདེ་བ་	VERB
རྡོ་རྗེ་	རྡོ་རྗེ་	NOUN
དཀྱིལ་	དཀྱིལ་	NOUN
ཀྲུང་	ཀྲུང་	NO_POS
གི་	གི་	PART
འདུག་	འདུག་	VERB
སྐྱབས་འགྲོ་	སྐྱབས་འགྲོ་	OTHER
སེམས་བསྐྱེད་	སེམས་བསྐྱེད་	NOUN
རང་	རང་	PRON
གི་	གི་	PART
རྒྱུད་	རྒྱུད་	NOUN
དང་	དང་	NO_POS
འདྲེས་པ་	འདྲེས་པ་	VERB
བྱེད་	བྱེད་	VERB
།		PUNCT
དེ་ནས་	དེ་ནས་	NO_POS
རང་	རང་	PRON
ཐ་མལ་པ་	ཐ་མལ་པ་	ADJ
འམ་	གམ་	PART
ཡི་དམ་	ཡི་དམ་	NOUN
གང་ཡིན་	གང་ཡིན་	NO_POS
གྱི་	གི་	PART
ང་རྒྱལ་	ང་རྒྱལ་	NOUN
དང་	དང་	NO_POS
ལྡན་པ་	ལྡན་པ་	VERB
འི་	གི་	PART
སྤྱི་བོ་	སྤྱི་བོ་	NOUN
ར་	ལ་	PART
སེང་གེ་	སེང་གེ་	NOUN
སྔོན་པོ་	སྔོན་པོ་	ADJ
བརྒྱད་	བརྒྱད་	NUM
ཀྱིས་	གིས་	PART
བཏེག་པ་	བཏེག་པ་	VERB
འི་	གི་	PART
རིན་པོ་ཆེ་	རིན་པོ་ཆེ་	ADJ
འི་	གི་	PART
ཁྲི་	ཁྲི་	NUM
ཡངས་	ཡངས་	VERB
ཤིང་	ཅིང་	PART
རྒྱ་ཆེ་བ་	རྒྱ་ཆེ་བ་	NO_POS
པདྨ་	པདྨ་	NOUN
དང་	དང་	NO_POS
ཉི་ཟླ་	ཉི་ཟླ་	NOUN
འི་	གི་	PART
སྟེང་	སྟེང་	NOUN
དུ་	ལ་	PART
།		PUNCT
རྩ་བ་	རྩ་བ་	NOUN
འི་	གི་	PART
བླ་མ་	བླ་མ་	NOUN
དེ་ཉིད་	དེ་ཉིད་	NOUN
རིགས་	རིགས་	NOUN
དྲུག་པ་	དྲུག་པ་	NUM
རྡོ་རྗེ་	རྡོ་རྗེ་	NOUN
འཆང་	འཆང་	NO_POS
སྐུ་མདོག་	སྐུ་མདོག་	NOUN
སྔོན་པོ་	སྔོན་པོ་	ADJ
བཻ་	བཻ་	NO_POS
ཌཱུརྻའི་		NON_WORD
རྩེ་མོ་	རྩེ་མོ་	NOUN
ར་	ལ་	PART
ཉི་མ་	ཉི་མ་	NOUN
འི་	གི་	PART
འོད་	འོད་	NOUN
ཀྱིས་	གིས་	PART
རེག་པ་	རེག་པ་	VERB
ལྟ་	ལྟ་	OTHER
སྔོ་བ་	སྔོ་བ་	VERB
།		PUNCT
ཞལ་	ཞལ་	NOUN
གཅིག་	གཅིག་	NUM
ཕྱག་	ཕྱག་	NOUN
གཉིས་	གཉིས་	NUM
རྡོ་རྗེ་	རྡོ་རྗེ་	NOUN
དང་	དང་	NO_POS
དྲིལ་བུ་	དྲིལ་བུ་	NOUN
བསྣོལ་	བསྣོལ་	NO_POS
ཐབས་	ཐབས་	NOUN
སུ་	ལ་	PART
བསྣམས་	བསྣམས་	NO_POS
ཤིང་	ཅིང་	PART
།		PUNCT
ཞབས་	ཞབས་	NOUN
གཉིས་	གཉིས་	NUM
རྡོ་རྗེ་	རྡོ་རྗེ་	NOUN
དཀྱིལ་མོ་ཀྲུང་	དཀྱིལ་མོ་ཀྲུང་	NO_POS
གི་	གི་	PART
བཞུགས་པ་	བཞུགས་པ་	VERB
འོད་ཟེར་	འོད་ཟེར་	NOUN
དཔག་	དཔག་	VERB
ཏུ་	ལ་	PART
མེད་པ་	མེད་པ་	VERB
འཕྲོ་བ་	འཕྲོ་བ་	VERB
དེ་	དེ་	DET
འི་	གི་	PART
སྤྱི་བོ་	སྤྱི་བོ་	NOUN
ར་	ལ་	PART
ཨོཾ་	ཨོཾ་	X
།		PUNCT
མགྲིན་པ་	མགྲིན་པ་	NOUN
ར་	ལ་	PART
ཨཱཿ་		NON_WORD
ཐུགས་ཀ་	ཐུགས་ཀ་	NOUN
ར་	ལ་	PART
ཧཱུྂ་		NON_WORD
།		PUNCT
དེ་ལས་	དེ་ལས་	NO_POS
འོད་འཕྲོ་	འོད་འཕྲོ་	NO_POS
ས་	གིས་	PART
བླ་མ་	བླ་མ་	NOUN
ཡི་དམ་	ཡི་དམ་	NOUN
སངས་རྒྱས་	སངས་རྒྱས་	NOUN
བྱང་སེམས་	བྱང་སེམས་	NOUN
དཔའ་བོ་	དཔའ་བོ་	NOUN
མཁའ་འགྲོ་	མཁའ་འགྲོ་	NOUN
ཆོས་སྐྱོང་	ཆོས་སྐྱོང་	NOUN
སྲུང་མ་	སྲུང་མ་	NOUN
རྣམས་	རྣམས་	DET
སྤྱན་	སྤྱན་	NOUN
དྲངས་	དྲངས་	NO_POS
།		PUNCT
བླ་མ་	བླ་མ་	NOUN
ལ་	ལ་	PART
བསྟིམ་	བསྟིམ་	NO_POS
།		PUNCT
སྐྱབས་གནས་	སྐྱབས་གནས་	NOUN
ཀུན་	ཀུན་	DET
འདུ་	འདུ་	VERB
སུ་	ལ་	PART
བསྒོམས་	བསྒོམས་	VERB
ལ་	ལ་	PART
།		PUNCT
རང་	རང་	PRON
གི་	གི་	PART
ལུས་	ལུས་	NOUN
ལོངས་སྤྱོད་	ལོངས་སྤྱོད་	NOUN
དགེ་རྩ་	དགེ་རྩ་	OTHER
མཎྜལ་		NON_WORD
ཕྱི་	ཕྱི་	NOUN
ནང་	ནང་	NOUN
གསང་	གསང་	VERB
གསུམ་	གསུམ་	NUM
དེ་	སྟེ་	PART
ཁོ་ན་ཉིད་	ཁོ་ན་ཉིད་	NO_POS
ཀྱི་	གི་	PART
མཆོད་པ་	མཆོད་པ་	VERB
རྣམས་	རྣམས་	DET
ལྟོས་མེད་	ལྟོས་མེད་	ADJ
དུ་	ལ་	PART
ཕུལ་	ཕུལ་	VERB
།		PUNCT
མོས་གུས་	མོས་གུས་	NOUN
དྲག་པོ་	དྲག་པོ་	ADJ
འི་	གི་	PART
སྒོ་	སྒོ་	NOUN
ན་	ནས་	PART
གསོལ་བ་	གསོལ་བ་	VERB
འདེབས་	འདེབས་	VERB
དགོས་	དགོས་	VERB
ཏེ་	སྟེ་	PART
།		PUNCT
ས་བཅུ་པ་	ས་བཅུ་པ་	NO_POS
འི་	གི་	PART
མདོ་	མདོ་	NOUN
ལ་	ལ་	ADP
ས་	གིས་	PART
།		PUNCT
དད་པ་	དད་པ་	VERB
མེད་པ་	མེད་པ་	VERB
འི་	གི་	PART
མི་	མི་	PART
དག་	དག་	DET
ལ་	ལ་	PART
། །		PUNCT
དཀར་པོ་	དཀར་པོ་	ADJ
འི་	གི་	PART
ཡོན་ཏན་	ཡོན་ཏན་	NOUN
ག་ལ་	ག་ལ་	NO_POS
འབྱུང་	འབྱུང་	VERB
། །		PUNCT
ས་བོན་	ས་བོན་	NOUN
མེ་	མེ་	NOUN
ཡི་	གིས་	PART
ཚིག་པ་	ཚིག་པ་	VERB
ལ་	ལ་	PART
། །		PUNCT
མྱུ་གུ་	མྱུ་གུ་	NOUN
སྔོན་པོ་	སྔོན་པོ་	ADJ
ཇི་བཞིན་	ཇི་བཞིན་	OTHER
ནོ་	གོ་	PART
། །		PUNCT
ཞེས་་	ཞེས་པ་	PART
ས་	གིས་	PART
དད་པ་	དད་པ་	VERB
དང་	དང་	NO_POS
མོས་པ་	མོས་པ་	VERB
བསྐྱེད་	བསྐྱེད་	VERB
ལ་	ལ་	PART
གསོལ་བ་	གསོལ་བ་	VERB
འདི་ལྟར་	འདི་ལྟར་	NO_POS
གདབ་པ་	གདབ་པ་	VERB
ར་	ལ་	PART
བྱ་	བྱ་	VERB
སྟེ་	སྟེ་	PART
།		PUNCT
དུས་གསུམ་	དུས་གསུམ་	OTHER
གྱི་	གི་	PART
སངས་རྒྱས་	སངས་རྒྱས་	NOUN
ཐམས་ཅད་	ཐམས་ཅད་	DET
ཀྱི་	གི་	PART
སྐུ་	སྐུ་	NOUN
འི་	གི་	PART
ངོ་བོ་	ངོ་བོ་	NOUN
ར་	ལ་	PART
གྱུར་པ་	གྱུར་པ་	VERB
བླ་མ་	བླ་མ་	NOUN
རིན་པོ་ཆེ་	རིན་པོ་ཆེ་	ADJ
འི་	གི་	PART
སྐུ་	སྐུ་	NOUN
ལ་	ལ་	PART
གསོལ་བ་	གསོལ་བ་	VERB
འདེབས་	འདེབས་	VERB
སོ་	གོ་	PART
། །		PUNCT
དུས་གསུམ་	དུས་གསུམ་	OTHER
གྱི་	གི་	PART
སངས་རྒྱས་	སངས་རྒྱས་	NOUN
ཐམས་ཅད་	ཐམས་ཅད་	DET
ཀྱི་	གི་	PART
གསུང་	གསུང་	VERB
གི་	གི་	PART
ངོ་བོ་	ངོ་བོ་	NOUN
ར་	ལ་	PART
གྱུར་པ་	གྱུར་པ་	VERB
བླ་མ་	བླ་མ་	NOUN
རིན་པོ་ཆེ་	རིན་པོ་ཆེ་	ADJ
འི་	གི་	PART
གསུང་	གསུང་	VERB
ལ་	ལ་	PART
གསོལ་བ་	གསོལ་བ་	VERB
འདེབས་	འདེབས་	VERB
སོ་	གོ་	PART
། །		PUNCT
དུས་གསུམ་	དུས་གསུམ་	OTHER
གྱི་	གི་	PART
སངས་རྒྱས་	སངས་རྒྱས་	NOUN
ཐམས་ཅད་	ཐམས་ཅད་	DET
ཀྱི་	གི་	PART
ཐུགས་	ཐུགས་	NOUN
ཀྱི་	གི་	PART
ངོ་བོ་	ངོ་བོ་	NOUN
ར་	ལ་	PART
གྱུར་པ་	གྱུར་པ་	VERB
།		PUNCT
བླ་མ་	བླ་མ་	NOUN
རིན་པོ་ཆེ་	རིན་པོ་ཆེ་	ADJ
འི་	གི་	PART
ཐུགས་	ཐུགས་	NOUN
ལ་	ལ་	PART
གསོལ་བ་	གསོལ་བ་	VERB
འདེབས་	འདེབས་	VERB
སོ་	གོ་	PART
། །		PUNCT
ཞེ་	ཅེས་	PART
གསོལ་བ་	གསོལ་བ་	VERB
བཏབ་པ་	བཏབ་པ་	VERB
ས་	གིས་	PART
།		PUNCT
བླ་མ་	བླ་མ་	NOUN
འི་	གི་	PART
སྤྱི་བོ་	སྤྱི་བོ་	NOUN
འི་	གི་	PART
ཨོཾ་	ཨོཾ་	X
ལ་	ལ་	ADP
ས་	གིས་	PART
འོད་ཟེར་	འོད་ཟེར་	NOUN
དཀར་པོ་	དཀར་པོ་	ADJ
བྱུང་	བྱུང་	VERB
།		PUNCT
རང་	རང་	PRON
གི་	གི་	PART
སྤྱི་བོ་	སྤྱི་བོ་	NOUN
ར་	ལ་	PART
ཐིམ་	ཐིམ་	NO_POS
།		PUNCT
ལུས་	ལུས་	NOUN
ཀྱི་	གི་	PART
སྡིག་སྒྲིབ་	སྡིག་སྒྲིབ་	NOUN
དག་	དག་	DET
ལུས་	ལུས་	NOUN
འོད་ཟེར་	འོད་ཟེར་	NOUN
དཀར་པོ་	དཀར་པོ་	ADJ
ས་	གིས་	PART
གང་	གང་	NO_POS
།		PUNCT
སྐུ་	སྐུ་	NOUN
འི་	གི་	PART
བྱིན་རླབས་	བྱིན་རླབས་	NOUN
ཞུགས་	ཞུགས་	VERB
།		PUNCT
བུམ་པ་	བུམ་པ་	NOUN
འི་	གི་	PART
དབང་	དབང་	NOUN
ཐོབ་པ་	ཐོབ་པ་	VERB
ར་	ལ་	PART
བསམ་	བསམ་	NOUN
།		PUNCT
བླ་མ་	བླ་མ་	NOUN
འི་	གི་	PART
མགྲིན་པ་	མགྲིན་པ་	NOUN
འི་	གི་	PART
ཨཱཿ་		NON_WORD
ལ་	ལ་	ADP
ས་	གིས་	PART
འོད་ཟེར་	འོད་ཟེར་	NOUN
དམར་པོ་	དམར་པོ་	ADJ
བྱུང་	བྱུང་	VERB
།		PUNCT
རང་	རང་	PRON
གི་	གི་	PART
མགྲིན་པ་	མགྲིན་པ་	NOUN
ར་	ལ་	PART
ཐིམ་	ཐིམ་	NO_POS
།		PUNCT
ངག་	ངག་	NOUN
གི་	གི་	PART
སྒྲིབ་པ་	སྒྲིབ་པ་	VERB
དག་	དག་	DET
ལུས་	ལུས་	NOUN
འོད་ཟེར་	འོད་ཟེར་	NOUN
དམར་པོ་	དམར་པོ་	ADJ
ས་	གིས་	PART
གང་	གང་	NO_POS
།		PUNCT
གསུང་	གསུང་	VERB
གི་	གི་	PART
བྱིན་རླབས་	བྱིན་རླབས་	NOUN
ཞུགས་	ཞུགས་	VERB
།		PUNCT
གསང་བ་	གསང་བ་	VERB
འི་	གི་	PART
དབང་	དབང་	NOUN
ཐོབ་པ་	ཐོབ་པ་	VERB
ར་	ལ་	PART
བསམ་	བསམ་	NOUN
།		PUNCT
བླ་མ་	བླ་མ་	NOUN
འི་	གི་	PART
ཐུགས་ཀ་	ཐུགས་ཀ་	NOUN
འི་	གི་	PART
ཧཱུྂ་		NON_WORD
ལ་	ལ་	ADP
ས་	གིས་	PART
འོད་ཟེར་	འོད་ཟེར་	NOUN
སྔོན་པོ་	སྔོན་པོ་	ADJ
བྱུང་	བྱུང་	VERB
།		PUNCT
རང་	རང་	PRON
གི་	གི་	PART
སྙིང་ཁ་	སྙིང་ཁ་	NOUN
ར་	ལ་	PART
ཐིམ་	ཐིམ་	NO_POS
།		PUNCT
ཡིད་	ཡིད་	NOUN
ཀྱི་	གི་	PART
སྒྲིབ་པ་	སྒྲིབ་པ་	VERB
དག་	དག་	DET
ཐུགས་	ཐུགས་	NOUN
ཀྱི་	གི་	PART
བྱིན་རླབས་	བྱིན་རླབས་	NOUN
ཞུགས་	ཞུགས་	VERB
།		PUNCT
ཤེས་རབ་	ཤེས་རབ་	NOUN
ཡེ་ཤེས་	ཡེ་ཤེས་	NOUN
ཀྱི་	གི་	PART
དབང་	དབང་	NOUN
ཐོབ་པ་	ཐོབ་པ་	VERB
ར་	ལ་	PART
བསམ་	བསམ་	NOUN
།		PUNCT
དེ་ནས་	དེ་ནས་	NO_POS
བླ་མ་	བླ་མ་	NOUN
འི་	གི་	PART
སྐུ་	སྐུ་	NOUN
འི་	གི་	PART
ཆ་	ཆ་	NOUN
ཐམས་ཅད་	ཐམས་ཅད་	DET
ན་	ནས་	PART
འོད་ཟེར་	འོད་ཟེར་	NOUN
ཁ་དོག་	ཁ་དོག་	NOUN
སྣ་ཚོགས་པ་	སྣ་ཚོགས་པ་	DET
བྱུང་	བྱུང་	VERB
།		PUNCT
རང་	རང་	PRON
གི་	གི་	PART
བ་སྤུ་	བ་སྤུ་	NOUN
འི་	གི་	PART
བུ་ག་	བུ་ག་	NOUN
ཐམས་ཅད་	ཐམས་ཅད་	DET
ན་	ནས་	PART
ཞུགས་	ཞུགས་	VERB
།		PUNCT
སྒྲིབ་གཉིས་	སྒྲིབ་གཉིས་	OTHER
བག་ཆགས་	བག་ཆགས་	NOUN
དང་	དང་	NO_POS
བཅས་པ་	བཅས་པ་	VERB
མ་ལུས་པ་	མ་ལུས་པ་	OTHER
དག་	དག་	DET
དབང་	དབང་	NOUN
བཞི་པ་	བཞི་པ་	ADJ
འི་	གི་	PART
དོན་	དོན་	NOUN
རྒྱུད་	རྒྱུད་	NOUN
ལ་	ལ་	PART
སྐྱེས་པ་	སྐྱེས་པ་	VERB
ར་	ལ་	PART
བསམ་	བསམ་	NOUN
སྟེ་	སྟེ་	PART
།		PUNCT
ཡེ་ཤེས་	ཡེ་ཤེས་	NOUN
ཐིག་ལེ་	ཐིག་ལེ་	NOUN
འི་	གི་	PART
རྒྱུད་	རྒྱུད་	NOUN
ལ་	ལ་	ADP
ས་	གིས་	PART
།		PUNCT
བླ་མ་	བླ་མ་	NOUN
འི་	གི་	PART
སྐུ་	སྐུ་	NOUN
ཡི་	གི་	PART
དཀྱིལ་འཁོར་	དཀྱིལ་འཁོར་	NOUN
དུ་	ལ་	PART
། །		PUNCT
དབང་	དབང་	NOUN
བཞི་	བཞི་	NUM
ཡོངས་སུ་	ཡོངས་སུ་	NO_POS
རྫོགས་པ་	རྫོགས་པ་	VERB
ར་	ལ་	PART
ཞུ་	ཞུ་	VERB
། །		PUNCT
རྒྱུད་སྡེ་	རྒྱུད་སྡེ་	NOUN
འི་	གི་	PART
དགོངས་པ་	དགོངས་པ་	VERB
གནད་	གནད་	NOUN
ཀྱི་	གི་	PART
མཆོག་	མཆོག་	ADJ
།		PUNCT
ས་ལམ་	ས་ལམ་	OTHER
གྱི་	གི་	PART
རིམ་པ་	རིམ་པ་	NOUN
མ་	མ་	PART
ལུས་རྫོགས་	ལུས་རྫོགས་	NO_POS
། །		PUNCT
ཞེས་་	ཞེས་པ་	PART
འི་	གི་	PART
དོན་	དོན་	NOUN
ནོ་	གོ་	PART
། །		PUNCT
དེ་ནས་	དེ་ནས་	NO_POS
བླ་མ་	བླ་མ་	NOUN
འོད་	འོད་	NOUN
དུ་	ལ་	PART
ཞུ་	ཞུ་	VERB
ན་	ནས་	PART
རང་	རང་	PRON
ལ་	ལ་	PART
ཐིམ་པ་	ཐིམ་པ་	VERB
ས་	གིས་	PART
།		PUNCT
རང་	རང་	PRON
གི་	གི་	PART
ལུས་ངག་	ལུས་ངག་	NOUN
ཡིད་	ཡིད་	NOUN
གསུམ་	གསུམ་	NUM
དང་	དང་	NO_POS
།		PUNCT
བླ་མ་	བླ་མ་	NOUN
འི་	གི་	PART
སྐུ་གསུང་ཐུགས་	སྐུ་གསུང་ཐུགས་	NOUN
དབྱེ་	དབྱེ་	VERB
ར་	ལ་	PART
མེད་	མེད་	VERB
དུ་	ལ་	PART
གྱུར་པ་	གྱུར་པ་	VERB
འི་	གི་	PART
ངང་	ངང་	NOUN
ན་	ནས་	PART
།		PUNCT
རང་	རང་	PRON
གི་	གི་	PART
རིག་པ་	རིག་པ་	VERB
འི་	གི་	PART
ངོ་བོ་	ངོ་བོ་	NOUN
འདི་	འདི་	DET
ལ་	ལ་	PART
ཅེར་	ཅེར་	NO_POS
གྱིས་	གིས་	PART
བལྟ་	བལྟ་	VERB
།		PUNCT
བལྟ་	བལྟ་	VERB
ཙམ་	ཙམ་	DET
ཉིད་	ཉིད་	DET
ན་	ནས་	PART
ཅི་	ཅི་	NO_POS
ཡི་	གི་	PART
ངོ་བོ་	ངོ་བོ་	NOUN
ར་	ལ་	PART
ཡང་	ཀྱང་	PART
མ་གྲུབ་པ་	མ་གྲུབ་པ་	NO_POS
དེ་ཉིད་	དེ་ཉིད་	NOUN
ལ་	ལ་	PART
།		PUNCT
ཡོད་པ་	ཡོད་པ་	VERB
མི་	མི་	PART
སྤང་	སྤང་	VERB
།		PUNCT
མེད་པ་	མེད་པ་	VERB
མི་	མི་	PART
བཙལ་	བཙལ་	NO_POS
།		PUNCT
གང་ལྟར་	གང་ལྟར་	NO_POS
འདུག་པ་	འདུག་པ་	VERB
དེ་ཉིད་	དེ་ཉིད་	NOUN
ལས་མ་	ལས་མ་	NO_POS
ཡེངས་པ་	ཡེངས་པ་	VERB
ར་	ལ་	PART
བཞག་	བཞག་	VERB
གོ་	གོ་	PART
། །		PUNCT
དེ་ལས་	དེ་ལས་	NO_POS
ལངས་	ལངས་	VERB
ན་	ནས་	PART
རྗེས་	རྗེས་	NOUN
ཐོག་	ཐོག་	NOUN
ཏུ་	ལ་	PART
ཆོ་	ཆོ་	NOUN
ཐམས་ཅད་	ཐམས་ཅད་	DET
སྒྱུ་མ་	སྒྱུ་མ་	NOUN
དང་	དང་	NO_POS
རྨི་ལམ་	རྨི་ལམ་	NOUN
ལྟ་	ལྟ་	OTHER
ཤེ་	ཤེ་	VERB
དགོས་	དགོས་	VERB
ཏེ་	སྟེ་	PART
།		PUNCT
ཏིང་ངེ་འཛིན་	ཏིང་ངེ་འཛིན་	NOUN
རྒྱལ་པོ་	རྒྱལ་པོ་	NOUN
འི་	གི་	PART
མདོ་	མདོ་	NOUN
ལ་	ལ་	ADP
ས་	གིས་	PART
།		PUNCT
སྒྱུ་མ་	སྒྱུ་མ་	NOUN
བྱེད་པ་	བྱེད་པ་	VERB
དག་	དག་	DET
གི་	གི་	PART
གཟུགས་	གཟུགས་	NOUN
སྤྲུལ་	སྤྲུལ་	VERB
ཏེ་	སྟེ་	PART
། །		PUNCT
རྟ་	རྟ་	NOUN
དང་	དང་	NO_POS
གླང་པོ་	གླང་པོ་	NOUN
ཤིང་རྟ་	ཤིང་རྟ་	NOUN
སྣ་ཚོགས་	སྣ་ཚོགས་	DET
བྱེད་	བྱེད་	VERB
། །		PUNCT
དེ་	སྟེ་	PART
ལ་	ལ་	PART
ཇི་བཞིན་	ཇི་བཞིན་	OTHER
སྣང་བ་	སྣང་བ་	VERB
གང་ཡང་	གང་ཡང་	NO_POS
མེད་	མེད་	VERB
། །		PUNCT
ཆོ་	ཆོ་	NOUN
རྣམས་	རྣམས་	DET
ཐམས་ཅད་	ཐམས་ཅད་	DET
དེ་	སྟེ་	PART
འདྲ་	འདྲ་	VERB
ར་	ལ་	PART
ཤེས་པ་	ཤེས་པ་	VERB
ར་	ལ་	PART
བགྱི་	བགྱི་	VERB
། །		PUNCT
ཞེས་་	ཞེས་པ་	PART
ས་	གིས་	PART
།		PUNCT
མཉམ་རྗེས་	མཉམ་རྗེས་	NOUN
སུ་	ལ་	PART
མཚན་བཅས་	མཚན་བཅས་	ADJ
དང་	དང་	NO_POS
མཚན་མེད་	མཚན་མེད་	ADJ
ཀྱི་	གི་	PART
རྣལ་འབྱོར་	རྣལ་འབྱོར་	NOUN
བསྒོམ་	བསྒོམ་	VERB
ཞིང་	ཅིང་	PART
།		PUNCT
སྙིང་	སྙིང་	NOUN
ཁོང་	ཁོང་	PRON
རུས་པ་	རུས་པ་	NOUN
འི་	གི་	PART
དཀྱིལ་	དཀྱིལ་	NOUN
ན་	ནས་	PART
བླ་མ་	བླ་མ་	NOUN
ལ་མོ་	ལ་མོ་	OTHER
ས་	གིས་	PART
གུ་	གུ་	VERB
ཀྱི་	གི་	PART
གནད་	གནད་	NOUN
དུ་	ལ་	PART
བསྣུན་	བསྣུན་	NO_POS
ལ་	ལ་	PART
།		PUNCT
བསྟེན་	བསྟེན་	VERB
ཚུལ་	ཚུལ་	NOUN
རྣམས་	རྣམས་	DET
ལེགས་པོ་	ལེགས་པོ་	ADJ
ར་	ལ་	PART
མ་	མ་	PART
བྱུང་	བྱུང་	VERB
ན་	ལ་	PART
།		PUNCT
བླ་མ་	བླ་མ་	NOUN
འི་	གི་	PART
རྣལ་འབྱོར་	རྣལ་འབྱོར་	NOUN
ཐུན་	ཐུན་	NOUN
རེ་	རེ་	DET
བསྒོམས་པ་	བསྒོམས་པ་	VERB
ཙམ་	ཙམ་	DET
གྱིས་	གིས་	PART
མི་	མི་	PART
ཆོག་	ཆོག་	VERB
སྟེ་	སྟེ་	PART
།		PUNCT
བླ་མ་	བླ་མ་	NOUN
ལྔ་	ལྔ་	NUM
བཅུ་པ་	བཅུ་པ་	NUM
ལ་	ལ་	ADP
ས་	གིས་	PART
།		PUNCT
ཚིག་	ཚིག་	NOUN
བཅད་	བཅད་	VERB
གཅིག་	གཅིག་	NUM
ཙམ་	ཙམ་	DET
ཉན་པ་	ཉན་པ་	VERB
ལ་	ལ་	PART
། །		PUNCT
གང་	གང་	NO_POS
གིས་	གིས་	PART
བླ་མ་	བླ་མ་	NOUN
ར་	ལ་	PART
མི་	མི་	PART
འཛིན་པ་	འཛིན་པ་	VERB
། །		PUNCT
ཁྱི་	ཁྱི་	NOUN
ཡི་	གི་	PART
སྐྱེ་བ་	སྐྱེ་བ་	VERB
བརྒྱ་	བརྒྱ་	NUM
བླངས་	བླངས་	VERB
ན་	ནས་	PART
། །		PUNCT
སྨེ་ཤ་ཅན་	སྨེ་ཤ་ཅན་	NO_POS
དུ་	ལ་	PART
སྐྱེ་བ་	སྐྱེ་བ་	VERB
ར་	ལ་	PART
འགྱུར་	འགྱུར་	VERB
། །		PUNCT
ཞེ་	ཅེས་	PART
དང་	དང་	NO_POS
།		PUNCT
སྦྱོང་	སྦྱོང་	VERB
རྒྱུད་	རྒྱུད་	NOUN
ལ་	ལ་	ADP
ས་	གིས་	PART
།		PUNCT
རྡོ་རྗེ་	རྡོ་རྗེ་	NOUN
སློབ་དཔོན་	སློབ་དཔོན་	NOUN
བརྙས་	བརྙས་	NO_POS
ན་	ལ་	PART
ནི་	ནི་	NO_POS
། །		PUNCT
རྟག་	རྟག་	VERB
ཏུ་	ལ་	PART
སྡུག་བསྔལ་	སྡུག་བསྔལ་	NOUN
འཐོབ་	འཐོབ་	VERB
འགྱུར་བ་	འགྱུར་བ་	VERB
ས་	གིས་	PART
། །		PUNCT
སློབ་དཔོན་	སློབ་དཔོན་	NOUN
ལ་	ལ་	PART
ནི་	ནི་	NO_POS
བརྙས་	བརྙས་	NO_POS
མི་	མི་	PART
བྱ་	བྱ་	VERB
། །		PUNCT
ཞེས་་	ཞེས་པ་	PART
ས་	གིས་	PART
།		PUNCT
ཉེས་དམིགས་	ཉེས་དམིགས་	NOUN
རྣམས་	རྣམས་	DET
ལེགས་པ་	ལེགས་པ་	VERB
ར་	ལ་	PART
བསམ་	བསམ་	NOUN
ལ་	ལ་	PART
།		PUNCT
བླ་མ་	བླ་མ་	NOUN
བསྟེན་	བསྟེན་	VERB
ཚུལ་	ཚུལ་	NOUN
རྣམས་	རྣམས་	DET
མ་	མ་	PART
ནོར་བ་	ནོར་བ་	VERB
ར་	ལ་	PART
བཤད་པ་	བཤད་པ་	VERB
ལྟ་	ལྟ་	OTHER
འབད་པ་	འབད་པ་	VERB
ར་	ལ་	PART
བྱ་	བྱ་	VERB
ཞིང་	ཅིང་	PART
།		PUNCT
མདོ་	མདོ་	NOUN
ར་	ལ་	PART
བསྡུ་	བསྡུ་	VERB
ན་	ལ་	PART
།		PUNCT
བླ་མ་	བླ་མ་	NOUN
ལྔ་	ལྔ་	NUM
བཅུ་པ་	བཅུ་པ་	NUM
ལ་	ལ་	ADP
ས་	གིས་	PART
།		PUNCT
འདི་	འདི་	DET
ར་	ལ་	PART
མང་	མང་	VERB
སྨྲས་པ་	སྨྲས་པ་	VERB
ས་	གིས་	PART
ཅི་ཞིག་	ཅི་ཞིག་	NO_POS
བྱ་	བྱ་	VERB
། །		PUNCT
བླ་མ་	བླ་མ་	NOUN
མཉེས་	མཉེས་	VERB
བྱེད་	བྱེད་	VERB
གང་ཡིན་	གང་ཡིན་	NO_POS
དང་	དང་	NO_POS
། །		PUNCT
མི་	མི་	PART
མཉེས་	མཉེས་	VERB
བྱེད་	བྱེད་	VERB
ཀུན་	ཀུན་	DET
སྤང་བ་	སྤང་བ་	VERB
དང་	དང་	NO_POS
། །		PUNCT
དེ་	སྟེ་	PART
དང་	དང་	NO_POS
དེ་	སྟེ་	PART
ལ་	ལ་	PART
འབད་	འབད་	VERB
དེ་	སྟེ་	PART
བསླབ་	བསླབ་	VERB
། །		PUNCT
ཅེས་	ཅེས་	PART
གསུངས་པ་	གསུངས་པ་	VERB
ལྟ་	ལྟ་	OTHER
ཉམས་	ཉམས་	NOUN
སུ་	ལ་	PART
ལེན་པ་	ལེན་པ་	VERB
ར་	ལ་	PART
མཛོད་	མཛོད་	NOUN
།		PUNCT
དེ་ལྟ་	དེ་ལྟ་	NO_POS
བསྒྲུབ་པ་	བསྒྲུབ་པ་	VERB
འི་	གི་	PART
དགེ་བ་	དགེ་བ་	VERB
འི་	གི་	PART
རྩ་བ་	རྩ་བ་	NOUN
ཐམས་ཅད་	ཐམས་ཅད་	DET
སེམས་ཅན་	སེམས་ཅན་	NOUN
གྱི་	གི་	PART
དོན་	དོན་	NOUN
དུ་	ལ་	PART
བསྔོ་བ་	བསྔོ་བ་	VERB
དང་	དང་	NO_POS
།		PUNCT
སྨོན་ལམ་	སྨོན་ལམ་	NOUN
རྣམ་པ་	རྣམ་པ་	NOUN
ར་	ལ་	PART
དག་པ་	དག་པ་	VERB
ས་	གིས་	PART
རྒྱ་	རྒྱ་	VERB
འདེབས་པ་	འདེབས་པ་	VERB
ར་	ལ་	PART
མཛོད་	མཛོད་	NOUN
།		PUNCT
བདག་	བདག་	PRON
དང་	དང་	NO_POS
འཁོར་འདས་	འཁོར་འདས་	NOUN
ཐམས་ཅད་	ཐམས་ཅད་	DET
ཀྱིས་	གིས་	PART
དུས་གསུམ་	དུས་གསུམ་	OTHER
དུ་	ལ་	PART
བསགས་པ་	བསགས་པ་	VERB
དང་	དང་	NO_POS
།		PUNCT
ཡོད་པ་	ཡོད་པ་	VERB
འི་	གི་	PART
དགེ་བ་	དགེ་བ་	VERB
འི་	གི་	PART
རྩ་བ་	རྩ་བ་	NOUN
འདི་	འདི་	DET
ས་	གིས་	PART
བདག་	བདག་	PRON
དང་སེམས་	དང་སེམས་	NO_POS
ཅན་	ཅན་	PART
ཐམས་ཅད་	ཐམས་ཅད་	DET
མྱུར་	མྱུར་	VERB
དུ་	ལ་	PART
བླ་	བླ་	NOUN
ན་	ལ་	PART
མེད་པ་	མེད་པ་	VERB
ཡང་དག་པ་	ཡང་དག་པ་	ADJ
ར་	ལ་	PART
རྫོགས་པ་	རྫོགས་པ་	VERB
འི་	གི་	PART
བྱང་ཆུབ་	བྱང་ཆུབ་	NOUN
རིན་པོ་ཆེ་	རིན་པོ་ཆེ་	ADJ
ཐོབ་པ་	ཐོབ་པ་	VERB
ར་	ལ་	PART
གྱུར་ཅིག་	གྱུར་ཅིག་	NO_POS
།		PUNCT
ཅེས་	ཅེས་	PART
བླ་མ་	བླ་མ་	NOUN
འི་	གི་	PART
རྣལ་	རྣལ་	VERB
༄༅། །		PUNCT
འབྱོར་	འབྱོར་	VERB
བྱིན་རླབས་	བྱིན་རླབས་	NOUN
ཀྱི་	གི་	PART
གཏེར་མཛོད་	གཏེར་མཛོད་	NOUN
འདི་ཉིད་	འདི་ཉིད་	OTHER
།		PUNCT
སྤོ་བོ་	སྤོ་བོ་	OTHER
དབོན་པོ་	དབོན་པོ་	NOUN
གཉིས་	གཉིས་	NUM
ཀྱིས་	གིས་	PART
ཞུས་པ་	ཞུས་པ་	VERB
འི་	གི་	PART
ངོ་	ངོ་	PART
ར་	ལ་	PART
།		PUNCT
ཤཱཀྱའི་		NON_WORD
དགེ་སློང་	དགེ་སློང་	NOUN
རྡོ་རྗེ་	རྡོ་རྗེ་	NOUN
འཛིན་པ་	འཛིན་པ་	VERB
ཀུན་དགའ་	ཀུན་དགའ་	PROPN
རིན་ཆེན་	རིན་ཆེན་	OTHER
ཆོ་	ཆོ་	NOUN
ཀྱི་	གི་	PART
རྒྱལ་མཚན་	རྒྱལ་མཚན་	NOUN
དཔལ་	དཔལ་	OTHER
བཟང་པོ་	བཟང་པོ་	ADJ
ས་	གིས་	PART
འབྲི་གུང་	འབྲི་གུང་	OTHER
འོག་མིན་	འོག་མིན་	PROPN
གྱི་	གི་	PART
གནས་	གནས་	NOUN
སུ་	ལ་	PART
སྦྱར་བ་	སྦྱར་བ་	VERB
འདི་	འདི་	DET
ས་	གིས་	PART
ཀྱང་	ཀྱང་	PART
བསྟན་པ་	བསྟན་པ་	VERB
དང་སེམས་	དང་སེམས་	NO_POS
ཅན་	ཅན་	PART
ལ་	ལ་	PART
ཕན་པ་	ཕན་པ་	VERB
རྒྱ་ཆེན་པོ་	རྒྱ་ཆེན་པོ་	ADJ
འབྱུང་བ་	འབྱུང་བ་	VERB
ར་	ལ་	PART
གྱུར་ཅིག་	གྱུར་ཅིག་	NO_POS
།		PUNCT
མངྒལཾ་		NON_WORD
།		PUNCT
